                  epoch,         train/box_loss,         train/cls_loss,         train/dfl_loss,   metrics/precision(B),      metrics/recall(B),       metrics/mAP50(B),    metrics/mAP50-95(B),           val/box_loss,           val/cls_loss,           val/dfl_loss,                 lr/pg0,                 lr/pg1,                 lr/pg2
                      1,                0.56458,                 0.7494,                 1.0054,                0.99498,                0.96748,                 0.9934,                0.87572,                 0.5243,                0.71709,                0.95827,              5.001e-05,              5.001e-05,              5.001e-05
                      2,                0.52434,                0.71689,                0.99091,                0.97054,                0.99306,                0.99385,                0.88557,                0.50188,                0.69689,                 0.9454,             9.3585e-05,             9.3585e-05,             9.3585e-05
                      3,                0.52401,                0.68824,                 0.9853,                0.97609,                0.97926,                0.99292,                0.87446,                0.52824,                 0.7154,                0.95702,             0.00011076,             0.00011076,             0.00011076
                      4,                0.52618,                0.68615,                 1.0007,                 0.9661,                0.98958,                0.99206,                0.86924,                0.54452,                0.72786,                0.96541,             0.00010152,             0.00010152,             0.00010152
                      5,                0.62894,                0.76337,                 1.0381,                0.97816,                0.98264,                0.99281,                0.86925,                0.54364,                0.71668,                0.96149,              6.588e-05,              6.588e-05,              6.588e-05
