                  epoch,         train/box_loss,         train/cls_loss,         train/dfl_loss,   metrics/precision(B),      metrics/recall(B),       metrics/mAP50(B),    metrics/mAP50-95(B),           val/box_loss,           val/cls_loss,           val/dfl_loss,                 lr/pg0,                 lr/pg1,                 lr/pg2
                      1,                0.69363,                0.94775,                 1.0654,                 0.9813,                0.97324,                  0.992,                0.86033,                0.55493,                 0.8093,                0.96743,              5.001e-05,              5.001e-05,              5.001e-05
                      2,                0.67689,                0.89635,                 1.0544,                0.97228,                0.97959,                0.99021,                0.86714,                0.52642,                  0.793,                0.95558,             9.3585e-05,             9.3585e-05,             9.3585e-05
                      3,                0.63118,                0.81107,                 1.0305,                0.96176,                0.97524,                0.98351,                0.84415,                0.56565,                0.81147,                0.97819,             0.00011076,             0.00011076,             0.00011076
                      4,                0.58419,                0.77676,                 1.0303,                0.97687,                0.97532,                0.98977,                0.85071,                0.59222,                0.78997,                0.99147,             0.00010152,             0.00010152,             0.00010152
                      5,                0.65087,                0.80306,                 1.0575,                0.98447,                0.97307,                0.99153,                0.86095,                 0.5806,                0.76745,                0.98182,              6.588e-05,              6.588e-05,              6.588e-05
